Emotion,Suggestion,,,,
anger,Take a deep breath,,,,
anger,Count to 10,,,,
anger,Go for a walk,,,,
anger,Practice mindfulness meditation,,,,
anger,Write down your feelings in a journal,,,,
anger,Engage in physical exercise to release tension,,,,
anger,Talk to a trusted friend or family member about your feelings,,,,
anger,Practice progressive muscle relaxation techniques,,,,
anger,Use visualization techniques to imagine a calming scene,,,,
anger,Listen to calming music or sounds of nature,,,,
anger,Take a break from the situation and give yourself time to calm down,,,,
anger,Identify and challenge any irrational thoughts contributing to your anger,,,,
anger,"Redirect your energy into a creative outlet, such as painting or writing",,,,
anger,Practice assertive communication to express your feelings effectively,,,,
anger,Practice empathy by trying to understand the perspective of the person or situation that triggered your anger,,,,
anger,"Use positive affirmations or self-talk to remind yourself of your worth and resilience, especially during challenging moments of anger",,,,
anger,Seek professional help or therapy if anger becomes overwhelming or uncontrollable,,,,
anger,Set boundaries and assert your needs in relationships,,,,
anger,Practice forgiveness and let go of past resentments,,,,
anger,Engage in activities that bring you joy and relaxation,,,,
anger,Reflect on the underlying causes of your anger and address them constructively,,,,
sadness,Allow yourself to feel your emotions fully without judgment.,,,,
sadness,Reach out to a trusted friend or family member for support and comfort.,,,,
sadness,"Engage in activities that bring you comfort and solace, such as reading a favorite book or taking a warm bath.",,,,
sadness,"Practice self-care by getting enough rest, eating nourishing foods, and staying hydrated.",,,,
sadness," Express your feelings through creative outlets like writing, drawing, or painting.",,,,
sadness, Practice mindfulness or meditation to bring awareness to your emotions and find inner peace.,,,,
sadness,"Spend time in nature, enjoying the beauty and tranquility of the outdoors.",,,,
sadness,Seek professional help or therapy to explore and work through your emotions in a safe environment.,,,,
sadness,"Allow yourself to cry if you feel the need, as it can be a cathartic release of pent-up emotions.",,,,
sadness,Engage in gentle exercise or movement to release tension and boost endorphins.,,,,
sadness,Practice gratitude by focusing on the positive aspects of your life and expressing thanks for what you have.,,,,
sadness, Volunteer or perform acts of kindness for others to shift your focus outward and experience fulfillment.,,,,
sadness,"Set small, achievable goals for yourself to regain a sense of purpose and accomplishment.",,,,
sadness,Listen to soothing music or watch uplifting movies to lift your spirits.,,,,
sadness,Practice deep breathing exercises to calm your mind and body.,,,,
sadness,Seek out support groups or online communities where you can connect with others who may be experiencing similar feelings.,,,,
sadness,Engage in hobbies or activities that bring you joy and allow you to express yourself.,,,,
sadness,Write down your thoughts and feelings in a journal to gain clarity and perspective.,,,,
sadness,Practice self-compassion and remind yourself that it's okay to not be okay sometimes.,,,,
sadness,"Remember that sadness is a natural part of the human experience, and it will pass with time and self-care.",,,,
sadness,Watch a comforting movie,,,,
sadness,Listen to soothing music or watch uplifting movies to lift your spirits.,,,,
fear,Practice deep breathing exercises to calm your body and mind.,,,,
fear,Challenge negative thoughts and beliefs by questioning their validity and replacing them with positive affirmations.,,,,
fear,"Break down overwhelming tasks or situations into smaller, more manageable steps.",,,,
fear,Create a safety plan or strategy for dealing with potential threats or challenges.,,,,
fear,"Seek support from trusted friends, family members, or mental health professionals.",,,,
fear,Educate yourself about the object or situation that is causing fear to gain a better understanding and perspective.,,,,
fear,"Use relaxation techniques such as meditation, progressive muscle relaxation, or guided imagery to reduce anxiety.",,,,
fear,Engage in physical activity or exercise to release built-up tension and stress.,,,,
fear,Practice visualization exercises to imagine yourself successfully overcoming your fears.,,,,
fear,Gradually expose yourself to the object or situation that triggers fear in a controlled and safe environment (exposure therapy).,,,,
fear,Distract yourself from what's causing you fear by doing something you like.,,,,
fear,Challenge yourself to step outside of your comfort zone and try new experiences.,,,,
fear,Create a support network of individuals who have overcome similar fears or struggles.,,,,
fear,"Practice self-compassion and be kind to yourself, acknowledging that fear is a natural emotion.",,,,
fear,Limit exposure to negative news or media that may exacerbate feelings of fear and anxiety.,,,,
fear,Use humor to lighten the mood and reduce tension in fearful situations.,,,,
fear,Focus on the present moment rather than worrying about the future or dwelling on past experiences.,,,,
fear,Seek professional help or therapy if fear significantly impacts your daily life or functioning.,,,,
fear,Keep a journal to track your progress and reflect on your thoughts and feelings related to fear.,,,,
fear,"Engage in activities that bring you joy, relaxation, and a sense of accomplishment to counterbalance feelings of fear.",,,,
joy,Express gratitude for the positive aspects of your life.,,,,
joy,Spread positivity by complimenting others and performing acts of kindness.,,,,
joy,"Celebrate your happiness, no matter how small.",,,,
joy,"Spend quality time with loved ones, friends, and family.",,,,
joy,Engage in your favorite hobbies and activities that bring you joy.,,,,
joy,Practice mindfulness and savor the present moment.,,,,
joy,"Volunteer or help others in need, fostering a sense of fulfillment and joy.",,,,
joy,Connect with nature by spending time outdoors and appreciating its beauty.,,,,
joy,Laugh often and find humor in everyday situations.,,,,
joy,Listen to uplifting music or watch feel-good movies to boost your mood.,,,,
joy,Practice random acts of kindness to brighten someone else's day.,,,,
joy,Reflect on happy memories and cherish the positive experiences in your life.,,,,
joy,Embrace your passions and pursue activities that ignite your enthusiasm.,,,,
joy,Surround yourself with positive and supportive people who uplift you.,,,,
joy,"Practice self-care by engaging in activities that nurture your mind, body, and soul.",,,,
joy,"Engage in creative endeavors such as painting, writing, or crafting.",,,,
joy,"Explore new places, cultures, and experiences to broaden your horizons.",,,,
joy,Dance like nobody's watching and let loose with spontaneous joy.,,,,
joy,Express your love and appreciation to those who matter most to you.,,,,
joy,Take time to appreciate the beauty and wonder of life's simple pleasures.,,,,
joy,Spread you joy,,,,
disgust,Take a moment to step away from the source of disgust and breathe deeply.,,,,
disgust,Engage in mindfulness meditation to refocus your thoughts and calm your mind.,,,,
disgust,"Distract yourself by focusing on something pleasant or engaging, such as listening to music or reading a book.",,,,
disgust,Practice gratitude by reflecting on things you are thankful for to shift your perspective.,,,,
disgust,Use humor to lighten the situation and find amusement in the absurdity of life.,,,,
disgust,Practice self-compassion and remind yourself that it's okay to feel disgusted at times.,,,,
disgust,Engage in physical activity or exercise to release built-up tension and stress.,,,,
disgust,Visualize yourself in a safe and comforting environment to soothe your senses.,,,,
disgust,Seek social support by talking to a trusted friend or loved one about how you're feeling.,,,,
disgust,"Express your feelings through creative outlets like writing, drawing, or painting.",,,,
disgust,Practice deep breathing exercises to help calm your body's physiological response to disgust.,,,,
disgust,Challenge negative thoughts associated with disgust by questioning their validity.,,,,
disgust,Engage in activities that evoke positive emotions and bring you joy.,,,,
disgust,Create boundaries to protect yourself from situations or stimuli that trigger disgust.,,,,
disgust,Engage in acts of kindness and compassion to restore a sense of connection with others.,,,,
disgust,Practice acceptance of your feelings of disgust without judgment or self-criticism.,,,,
disgust,Focus on the present moment and let go of past experiences that contribute to your feelings of disgust.,,,,
disgust,Use aromatherapy or essential oils with calming scents to create a more pleasant atmosphere.,,,,
disgust,"Engage in sensory experiences that bring you comfort, such as taking a warm bath or enjoying a cup of tea.",,,,
disgust,Seek professional help or therapy if feelings of disgust become overwhelming or interfere with your daily life.,,,,
neutral,Take a few moments to practice deep breathing exercises to center yourself.,,,,
neutral,Engage in a mindfulness or meditation session to focus on the present moment.,,,,
neutral,Go for a leisurely walk in nature to clear your mind and enjoy the surroundings.,,,,
neutral,Listen to calming music or sounds to create a peaceful atmosphere.,,,,
neutral,Practice progressive muscle relaxation to release tension and promote relaxation.,,,,
neutral,Spend time engaging in a hobby or activity that you enjoy and find mentally stimulating.,,,,
neutral,Write down your thoughts and feelings in a journal to gain clarity and perspective.,,,,
neutral,Practice gratitude by reflecting on things you are thankful for in your life.,,,,
neutral,"Engage in light physical exercise, such as stretching or yoga, to invigorate your body and mind.",,,,
neutral,Take a break from screens and digital devices to reduce sensory stimulation.,,,,
neutral,Connect with a friend or loved one for a casual conversation or social interaction.,,,,
neutral,Spend time in quiet contemplation or reflection to process your thoughts and emotions.,,,,
neutral,Enjoy a warm beverage like herbal tea or hot cocoa to comfort and soothe your senses.,,,,
neutral,"Practice self-care activities such as grooming, skincare, or relaxation rituals.",,,,
neutral,Read a book or watch a movie that interests you and allows you to escape for a while.,,,,
neutral,"Engage in creative expression through art, writing, or other forms of self-expression.",,,,
neutral,Practice positive affirmations or self-talk to cultivate a sense of inner peace and confidence.,,,,
neutral,Engage in acts of kindness or volunteer work to foster a sense of connection and purpose.,,,,
neutral,Spend time outdoors in natural sunlight to boost your mood and energy levels.,,,,
neutral,Seek professional support or therapy if you find it challenging to maintain a neutral emotional state on your own.,,,,
surprise,Take a moment to savor the feeling of surprise and the sense of wonder it brings.,,,,
surprise,Allow yourself to be fully present in the moment and embrace the unexpected.,,,,
surprise,Share your surprise with others and enjoy their reactions.,,,,
surprise,Take a deep breath to center yourself and ground your emotions.,,,,
surprise,Express gratitude for the unexpected event or outcome.,,,,
surprise,Reflect on the lessons or insights that the surprise may hold for you.,,,,
surprise,Embrace the opportunity for growth and adaptation that comes with unexpected circumstances.,,,,
surprise,Stay open to new possibilities and opportunities that may arise from the surprise.,,,,
surprise,Find humor in the situation and laugh at the unpredictability of life.,,,,
surprise,Reach out to friends or loved ones for support and to share your surprise with them.,,,,
surprise,Use the surprise as a catalyst for creativity and innovation in your life.,,,,
surprise,Take a break from your routine and do something spontaneous and fun.,,,,
surprise,Write down your thoughts and feelings about the surprise in a journal.,,,,
surprise,Take a walk in nature to clear your mind and gain perspective on the surprise.,,,,
surprise,Practice self-care and relaxation techniques to soothe any feelings of anxiety or stress.,,,,
surprise,Seek out new experiences and adventures to keep the element of surprise alive in your life.,,,,
surprise,Reflect on past surprises and how they have shaped your life and worldview.,,,,
surprise,Use the surprise as an opportunity to reassess your priorities and goals.,,,,
surprise,"Trust in the universe and the unfolding of life's surprises, knowing that everything happens for a reason.",,,,
surprise,Embrace the uncertainty of the unknown and welcome the adventure that comes with it.,,,,
shame,Practice self-compassion and kindness towards yourself.,,,,
shame,Challenge negative self-talk and replace it with positive affirmations.,,,,
shame,"Remember that everyone makes mistakes, and it's okay to be imperfect.",,,,
shame,"Talk to a trusted friend, family member, or therapist about your feelings.",,,,
shame,"Practice forgiveness, both for yourself and others involved.",,,,
shame,Engage in activities that bring you joy and boost your self-esteem.,,,,
shame,Reflect on past successes and achievements to counteract feelings of inadequacy.,,,,
shame,Focus on your strengths and the positive aspects of your character.,,,,
shame,Take responsibility for your actions and commit to making amends if necessary.,,,,
shame,Practice mindfulness and grounding techniques to stay present in the moment.,,,,
shame,Set healthy boundaries with others to protect yourself from further harm.,,,,
shame,Seek out supportive communities or groups where you can share your experiences.,,,,
shame,Educate yourself about shame and its impact on mental health.,,,,
shame,Challenge societal norms and expectations that contribute to feelings of shame.,,,,
shame,Journal about your feelings and experiences to gain clarity and insight.,,,,
shame,Practice gratitude for the lessons learned from your mistakes.,,,,
shame,Use shame as a catalyst for personal growth and transformation.,,,,
shame,Surround yourself with positive influences and role models who uplift and inspire you.,,,,
shame,Engage in acts of kindness and service to others to shift the focus away from yourself.,,,,
shame,"Remember that you are worthy of love, acceptance, and belonging, regardless of past mistakes or shortcomings.",,,,
